participant_id,condition,nfc_z,knowledge_z,ai_literacy_z,trust_z,calibration_z,performance,ai_error_detection,miscalibration,retention,transfer,reconstruction,t2_complete,attn_pass,css_01,css_02,css_03,css_04,css_05,css_06,css_07,css_08,css_09,css_10,css_11,css_12,css_13,css_14,css_15,css_16,css_17,css_18,css_19,css_20
0,No AI,-0.7126100426819,0.25139091712906825,-1.1140054484148352,1.366528575931636,0.8944880554963859,-0.5689314336522575,,0.0064864878724220565,-0.6140906504360666,-1.206732674335416,1.7170619295356064,True,True,3,4,1,3,3,3,3,4,2,3,2,5,3,3,3,2,4,5,3,4
1,No AI,-0.4474082703053108,0.15386870543987333,0.5238480848557884,-0.6523317160085478,1.1941954150164587,0.3080158218435366,,-0.3396690990670941,0.7263916406649474,0.4024682481230943,-0.7932152942138447,True,True,2,3,5,4,3,1,3,2,2,1,3,3,1,2,5,1,2,1,4,2
2,No AI,-1.740680867743728,1.0189750772609183,2.3753610566350147,1.709246308525741,-0.4125865152126152,1.7386096736237324,,-0.31036718154185283,-0.4517161017867988,0.756495344686566,-1.5942889925058046,True,True,2,1,4,5,2,1,4,2,2,1,4,2,3,1,5,2,2,2,5,2
3,No AI,-0.999660346295971,-0.39733431472646086,-0.3158719195280076,-1.081395519007713,-1.530698730540966,0.34089577004657645,,-0.6279735155457463,1.0560755581457923,1.2000364384563502,-0.23334988888722494,True,True,2,3,4,4,3,1,3,3,2,4,5,3,3,3,4,1,3,3,3,2
4,No AI,0.27114638070063574,-1.023886362642922,-0.6885256645968568,0.4729079530566237,0.45513988578887,2.3455626946244914,,-0.10541474631852171,-0.7530702472724109,0.2492307904622283,0.3883697881055989,True,True,3,4,2,3,3,3,2,3,4,3,3,4,4,3,1,4,3,4,4,4
5,No AI,-1.167349301987667,0.13294711654696853,0.8079588736977678,1.0739303907180597,-0.12105307844518395,0.05336487071848201,,0.8486391674317203,0.2948064872357252,0.5147074267951778,-1.4659389962701037,True,False,3,3,4,3,3,2,3,2,2,2,4,2,2,2,5,3,3,2,3,2
6,No AI,1.1320821602501387,0.46519786961528126,-1.540656128254661,-1.482206602419079,-1.5335386891008682,-0.6653439604010366,,0.7971539881320252,1.002379516620761,-0.291406036719998,-1.9335149332747437,True,True,5,4,1,2,4,5,2,4,4,4,2,5,4,5,1,5,4,5,1,5
7,No AI,0.856629655074555,0.6638992599152219,0.08227939811218977,-0.09160831429065722,-0.43455793459519854,1.3294728980830186,,-0.19255558233962586,-0.48636123254996083,0.37763740162191095,-1.7097915554336258,True,True,2,4,3,3,3,3,4,3,3,2,3,2,3,3,3,3,3,2,3,3
8,No AI,0.06417012356479601,-0.45010130408050053,1.1656745277931226,-1.862764437703324,-0.35221352785411497,-1.4116222679919992,,0.4706195547799062,-0.7118518708912482,-0.5795188280210485,-0.43054591446447815,True,True,4,3,1,2,3,3,2,4,5,4,2,3,4,4,2,4,3,4,3,3
9,No AI,-0.1721533749327814,-0.3006131009302622,-2.8430022652698423,0.5089168289574112,0.27378617658227866,2.9232446577030524,,-0.005315913582230124,,,,False,True,2,3,5,5,2,2,3,2,1,2,2,1,3,3,5,1,2,3,4,2
10,No AI,-1.1084366677743882,1.774119969654215,0.20901153396278457,0.5473862244074559,-1.2331408161527626,0.224078570882613,,-2.3504992407619016,,,,False,True,4,4,2,2,5,3,2,2,4,3,3,3,4,4,4,2,4,4,2,3
11,No AI,-0.005065654020491302,-0.45231438606708707,-1.5185750020036122,-0.3279079568555324,-0.40576678652021153,1.1861642965771304,,0.17519435384062854,-2.886417640731856,0.5235415272460373,0.054319396894054364,True,True,3,3,4,2,4,3,3,3,3,3,3,4,2,3,3,2,2,4,3,3
12,No AI,-1.0440170710767538,2.1968081268351916,0.374523883707076,1.804168261441125,-1.8922712306880942,1.1118415756593536,,-0.6021368634063975,0.14752762617001092,-1.5472289317392962,0.09670346415253528,True,True,4,4,3,3,3,4,3,3,4,4,4,4,4,3,3,4,3,4,3,3
13,No AI,0.5372520083350922,-0.7962790001590003,2.0167692602359586,0.26284382630953046,-0.21296739847634752,0.28573503090090063,,1.5389395064493856,1.5445531140196271,0.0957105018310426,-0.3328266405286287,True,True,3,3,4,4,2,4,2,3,3,2,4,3,3,3,4,2,3,2,4,3
14,No AI,0.06903032996929222,-0.5679796872125566,-2.3524014138061053,-0.925362541815494,0.6796317387451156,1.7940828040376673,,-0.8287911062008708,1.7485813213844992,-1.1441419169561686,-2.683033463690453,True,True,3,4,3,4,3,3,4,3,4,3,3,3,4,3,3,3,1,4,4,3
15,No AI,-0.47680365525867346,-0.30930250925513286,0.0556288730621683,-0.3744232664256886,1.0968806967661406,0.17589157205877132,,0.12792798481449608,2.0846444846823955,-0.9678732015671835,0.9200715075707988,True,True,5,4,1,1,4,3,2,5,5,3,1,4,5,5,2,4,3,4,1,5
16,No AI,-1.7313442374700254,0.4989595623394951,0.1596759493619412,-1.035112709335645,0.15334291981967405,0.2513213113548293,,-0.4008856659860127,,,,False,True,4,4,3,2,4,5,2,5,5,5,2,5,5,4,3,5,5,5,2,4
17,No AI,-0.615473654919224,-1.027772877927908,-1.0972365049731552,0.9274378047387313,1.2366547006681246,1.1788222919754037,,0.6549067864844903,-0.8173372141221072,-1.3850685507266307,-0.015079624982872547,True,True,3,4,3,4,4,2,3,4,4,2,2,4,5,4,4,4,3,4,4,5
18,No AI,0.9713453402497944,-0.7883015721983327,-0.8853430819594204,1.2818611111534983,1.0912022672613328,0.6322695051462677,,0.2343776613341189,-0.13647342440143898,0.9239873985074033,-1.3284694722651853,True,True,4,3,4,3,3,2,3,2,3,4,3,4,2,3,5,3,3,4,2,3
19,No AI,0.22990072414600182,1.6851248083711898,1.297303856323564,-0.9201400542555916,0.6859430349789275,-0.038181690415029605,,-0.935608862465076,1.111635339030671,-0.565092416694591,2.1701320835946403,True,True,4,3,2,2,3,2,3,3,3,2,3,2,3,3,4,3,3,2,3,3
20,No AI,-0.6430198130365267,0.05459700815944552,0.09609798053188813,-1.3307500070029075,-1.708192950143249,-0.9354789381057538,,-0.3606175941558805,0.41083681870020755,1.2815553972020661,-0.8754919336016783,True,True,4,3,2,3,2,4,4,3,3,3,2,3,4,2,2,3,3,2,3,3
21,No AI,-0.44475188335713306,-0.059110899270134784,-0.5672158653366574,-0.07135095545684839,0.023593604863477086,1.0080659457866137,,-1.407905040410683,,,,False,True,5,4,1,1,4,5,2,5,4,3,2,4,5,4,2,4,4,3,2,3
22,No AI,0.4305189537471999,0.3938404422923486,1.0376075724953224,-1.248955195450308,-0.6078946431787816,-0.3661138027573486,,0.9592426283679933,-0.13501311559279375,-1.5252296346532879,0.9175536269055707,True,True,5,5,3,2,5,4,1,5,3,4,2,4,4,5,2,4,4,4,3,5
23,No AI,0.8382094950176303,-0.1624433471649556,-0.4037575324024523,-0.7813695304130844,0.9828949746955286,-0.9400494335426579,,-0.6120954229700005,,,,False,True,5,2,2,1,4,4,3,4,3,4,2,3,5,4,2,4,5,5,2,4
24,No AI,1.1628858307629188,-0.9169948703100967,1.8429335779377445,-0.5646190891878311,2.3507427126538123,-0.559623431037377,,-0.380462895530574,,,,False,True,5,4,2,1,4,4,2,4,3,4,1,5,4,5,1,4,4,4,2,5
25,No AI,-0.2590284179184447,-0.8905931276225253,-0.14172439741093604,-0.4741707410247881,0.7669958107757573,-0.7092118236587112,,-0.9628953493621791,1.169504073769633,-1.4900966586114073,0.08522900528567787,True,True,3,4,1,1,4,3,1,5,4,5,3,4,4,5,2,3,3,3,3,4
26,No AI,-1.6766080446863596,1.7772598549117433,1.0440703729421965,2.0010643508339183,-0.4738304515113549,-2.2788713391635214,,-1.4479955101501485,-1.151333148121874,1.15856138230346,-0.7467310666092541,True,True,4,2,3,3,2,3,4,2,3,3,3,2,4,3,3,4,2,2,3,2
27,No AI,-1.6795433840921363,-0.20489067855092546,-0.9772046207775876,2.504083045743336,-0.6549991377444153,1.6580418858675439,,-0.030464230407851973,,,,False,True,4,2,3,4,1,3,4,4,3,2,2,2,1,2,4,2,3,3,3,2
28,No AI,-0.4688208566561127,1.4403905946165394,-0.30489363335572794,0.3835356866562019,-2.3237440527440896,0.6511716441728957,,-0.46734642476174626,,,,False,True,4,3,3,3,3,4,2,4,4,3,1,4,4,4,4,4,4,5,1,5
29,No AI,1.9890435088471974,-0.6890382437922601,-0.2601786905290179,-0.7822684917406346,-0.11096386151360096,-0.5384969356565656,,1.022111800080555,0.7308160984298757,0.3712647837595197,2.4031013901918703,True,True,2,2,4,3,3,3,1,2,2,3,2,4,3,3,3,4,1,2,2,2
30,No AI,0.43091522608345034,-2.227062067130966,-0.49744380218513345,1.2644710176048646,1.3692301442215982,-0.9591215251350784,,0.12254442805266216,1.3522313451072916,0.6238620485860882,0.016293344065206772,True,True,2,2,5,3,3,5,3,2,3,2,4,3,4,3,2,3,4,3,3,3
31,No AI,1.3063431083631254,-0.6195820205833128,-0.491276448119922,1.0903266499477215,-0.6369883643807672,0.47559065158943425,,3.024598315942878,-2.041599853510292,0.48192943540479216,2.039398478777599,True,False,5,5,1,2,4,3,1,5,5,5,2,5,5,5,1,5,4,5,1,5
32,No AI,-1.9205124368483648,1.2365793687945266,-1.5347005671551501,-0.4271790342399621,1.3845337213071027,0.36631922071170614,,-0.8498018558550318,,,,False,True,2,3,4,4,2,2,5,3,2,1,4,2,3,2,3,2,3,1,4,2
33,No AI,0.30832681119195327,-0.7374518281232091,-1.3032237244728382,1.2135630334013856,0.7303533817840631,0.7605610496800266,,0.33214202022177775,-0.16976988586970168,-1.2909914712322101,-1.7208895947883756,True,True,4,5,2,2,2,4,1,4,4,3,3,4,4,5,1,4,3,5,2,3
34,No AI,-9.703315085991393e-05,0.2008011160433294,0.5794438113711394,0.38671524575126376,-0.7075709102076273,-0.2982670925949299,,0.9981367201503153,0.4038641571263751,-0.1960788522480118,0.2856665597993594,True,True,3,3,1,3,3,3,1,3,4,4,1,3,3,3,4,4,2,2,3,3
35,No AI,0.11699304416590153,-1.7647975570010186,-0.7075811996197436,-1.3007160958644362,0.3068295555673844,-0.4192523552937157,,1.5012458673363738,0.5861432041896396,-0.9672422968986633,1.0199072223158971,True,True,2,1,4,5,2,3,4,3,3,4,4,3,2,2,4,1,2,1,5,2
36,No AI,0.13463843668482736,-1.804388344132495,-0.735232521854221,-2.4658773137891066,2.895860282518169,-1.0981525247256294,,0.9612349202269606,1.6712652047492451,0.7638412069543093,0.047550423671254394,True,True,4,3,2,3,3,3,3,2,4,2,5,4,3,3,3,3,2,2,3,2
37,No AI,0.7431310965986228,-0.23607395518577196,0.8274687598635001,1.2348608115916775,0.7784856466078364,1.7705577573360973,,0.1200701657610036,-0.6144111700514768,-0.8424139792446808,0.0460066074002963,True,True,4,2,3,2,4,2,4,4,4,5,2,3,4,5,2,5,3,3,3,3
38,No AI,1.779154132709619,0.283231366043639,-0.15179691344629653,0.12779510584229342,-0.1383962663757981,-0.20318959349573326,,-1.0405808800186636,0.04279887582017711,1.1745339293114037,-0.4545957206686522,True,True,2,4,3,3,4,4,3,3,2,3,4,2,2,3,2,3,3,4,4,3
39,No AI,-0.4105474881424006,0.8410710943137483,-1.477135857064924,-0.15456294909993096,1.4636409649857467,0.7978753922283064,,0.08439926479929682,-1.2641080056011427,-1.4992017000474749,0.4456545937320715,True,True,2,1,2,4,2,1,4,3,2,3,5,3,2,2,4,1,1,1,5,3
40,No AI,1.5835652889985568,0.9463110590664704,0.17424022804679165,0.9770460965862345,-0.21308080128647902,-1.9578514386965655,,0.08169020567011558,0.24755572005412751,-0.8905483523826865,1.1775259654760115,True,True,4,4,2,2,4,3,2,4,5,5,1,3,4,3,2,3,4,4,2,3
41,No AI,-0.1990726676413647,-0.9943481835071294,-0.9053435104405719,-0.16862780400083766,-0.5810513118374239,-0.20070916163635888,,-0.10577529621685967,-0.32856580153710735,-1.926607968294975,-1.3520931588963476,True,True,5,3,2,3,3,3,4,3,4,4,3,3,4,4,3,4,3,2,3,3
42,No AI,-0.9599215005115952,1.2721890984418511,0.5754816229740967,-0.2973652074365656,1.1609514538275263,-0.2766323333967174,,-0.2882649064699027,0.29728903694690934,-0.39932153018630423,0.6725944368954277,True,True,3,5,3,2,3,3,3,3,3,4,3,3,3,3,3,3,1,2,4,3
43,No AI,1.2936768789477582,-0.10650086828646164,-1.3315873348843608,-0.3641452986399121,-0.7587550620950528,-1.5018797082295616,,-0.8564768178308229,1.5103517419226353,1.929037148704034,-0.624244122828348,True,True,4,3,1,4,3,2,2,4,3,2,3,3,3,4,3,2,3,4,2,5
44,No AI,-0.1668773496711171,-1.1003545445517564,1.0580246015644685,1.6656440230949514,1.5186043343568723,0.2026725565586467,,-0.2492596817979886,0.6412184263385092,-0.023213402109852822,-0.6333063873025847,True,True,4,4,3,3,3,3,3,2,4,4,3,5,3,4,1,3,4,3,2,4
45,No AI,-1.9486920810431154,0.5114850802322681,-0.39905703211053384,0.9555420431567312,-0.036538312861749696,0.7422444228322275,,-0.6033875640423805,1.0626115003167451,0.5657787305685561,0.44904764863863617,True,True,3,1,5,3,1,2,5,1,1,1,5,2,2,2,4,1,2,2,5,2
46,No AI,1.0445739319055662,1.4815775308048136,0.8820291346154134,0.0710388932057056,0.4316381949863189,2.0015913282602704,,-0.2734918587353847,0.7729916918690001,1.0887099695468412,-0.5509838368582165,True,True,3,3,3,3,4,3,2,3,3,3,3,4,5,4,3,4,3,3,1,3
47,No AI,1.2849898951385297,-1.6371352297441657,0.03934213865298392,-0.7548768511093675,-0.13011760477392428,0.8501929400921555,,0.8413905370624104,,,,False,True,3,3,3,2,3,3,3,3,3,3,4,3,3,4,3,2,3,3,2,4
48,No AI,0.46889386889642576,-2.0737307542843784,-0.9487339111691406,-1.645949491463509,0.8954939108687032,1.057537254297466,,-1.209203098603197,1.7996467718377174,-0.43766735128084133,-0.6984178748988911,True,True,4,4,3,3,4,2,3,3,2,3,2,4,4,3,3,3,4,5,3,3
49,No AI,1.2883013731275161,0.41703555121414787,0.852960638418445,-0.9473393209800114,-1.5615671253815095,-0.0602058574778898,,0.08220958649605545,,,,False,True,4,2,3,3,4,2,2,4,3,3,2,4,5,4,1,4,4,3,2,5
50,No AI,-0.4558257713516238,-0.15237196726438523,0.158140163200656,-0.20264865308438604,-0.14424224169272606,-0.8941583735235878,,-1.0621770564865243,-0.557756404273758,0.6724975231197164,-0.03932538024618146,True,True,3,3,4,4,2,2,4,3,2,3,5,3,4,3,2,3,1,3,4,2
51,No AI,-0.07336226379046612,0.126261354796707,-0.1825555706939993,0.6110534532482798,-3.0990423286158224,0.6734909887214128,,-0.9893347840300182,0.8027820410509173,1.8720132271440244,0.23452561916139536,True,True,3,3,4,3,2,3,2,4,2,3,2,2,3,4,3,4,3,4,4,3
52,No AI,0.6204721825666469,1.0890430391669566,-1.3470480615554266,-1.3860269501571394,0.23314326742338737,-0.3245939035997351,,-0.13450304632238363,0.6351850080042132,-2.3078990402637176,-1.2517809827206683,True,True,3,4,2,4,5,3,4,1,3,4,3,3,2,4,3,4,4,3,3,3
53,No AI,-0.21195639513046508,1.575778712400933,1.558959423510194,0.7096017106658455,0.29879000107111864,-0.39241895768641516,,-1.1275388429274678,0.17417589278068196,-0.45136625277911246,-0.1362026667494818,True,True,2,1,3,5,3,2,3,1,1,3,4,1,1,2,4,1,1,2,5,3
54,No AI,0.9235747225135704,-1.8344907592268345,0.20934424836286833,0.003468063683752866,1.106461717801646,1.0777690009889953,,1.5462566878488981,0.3121255165836107,-0.8871675547538294,1.6587787732822306,True,True,4,3,2,2,3,3,2,5,4,3,2,4,4,4,2,3,2,4,2,5
55,No AI,-1.1248053758915277,1.5172205772502434,-0.11411245299663338,-1.4923993685199857,-0.6166956247445734,-0.3631640223327911,,-0.7113275125523781,0.7626705537206112,0.6112537473049867,-1.5437073323442538,True,True,3,4,1,2,4,4,2,4,4,3,1,5,4,3,2,4,3,2,3,4
56,No AI,0.7513077981752159,1.4211472059740136,-0.8412039342212663,1.5603604807609814,-0.015428572535227838,-0.5956173964229833,,0.6543651037657815,0.2600741854551364,-1.178106163067912,0.6772607195694471,True,True,3,5,2,1,4,4,1,5,4,5,2,4,5,3,2,4,3,4,3,5
57,No AI,-2.7199694995856825,-0.46898792896256636,1.504326304191791,-1.2665461356245475,-0.11213223804411308,0.29405393095537313,,1.3985327579538414,-0.37529876844617516,0.10949064151958246,0.6137274414229819,True,True,1,1,5,5,1,2,4,1,1,2,5,1,1,1,4,1,1,1,5,1
58,No AI,0.30474655394570355,-0.6895917489865266,-0.8865602201906253,-0.6214664681219157,-0.18846808832151837,-0.6447472838214328,,-0.15306053464172392,,,,False,True,3,4,2,2,2,2,2,4,4,3,4,3,3,4,3,4,4,2,1,3
59,No AI,0.20980320859945756,0.4762598738562733,0.1935356320094281,-0.8591338739960277,0.21083093934554903,-0.7994735064938785,,-1.2672490362712052,,,,False,True,4,5,2,3,4,4,2,5,4,4,1,5,5,5,2,4,5,4,1,5
60,No AI,-1.2537611916397415,0.6799734968123435,-1.2599581650590983,1.9879443011113196,-0.40488167075819703,-0.8196101996295353,,0.23871853445015678,0.622548678374973,0.41837193262359074,0.42738740506807416,True,True,3,3,3,5,2,1,4,2,2,2,3,2,3,2,5,2,3,2,4,1
61,No AI,0.7496346014296724,1.9507443980789645,-0.05102372205959376,-0.6035350394061512,0.312081837993146,-0.7371954678422884,,0.015397407551436478,0.03146832166003108,1.837141286351899,-0.1566465225405394,True,True,3,4,3,5,2,3,3,3,1,3,5,2,3,1,3,2,1,3,4,1
62,No AI,-0.8038545659122687,-0.7383747731204576,-0.5815612046715243,0.14603604334883383,0.6322065145717953,1.135677089084028,,0.28944400774763607,3.062556480628026,-0.8900076728179178,0.17137583940117096,True,True,5,4,3,1,5,5,2,4,4,4,2,4,2,4,2,4,4,3,3,2
63,No AI,2.092739537995321,-0.7066296623113236,-0.4412122936154996,1.758544596037382,1.2053868989429637,0.3204971050374124,,-0.0907471493025893,0.8261300732799256,0.7727201471305953,-0.2820488105353989,True,True,3,3,3,3,3,2,2,3,3,4,2,3,5,4,3,5,3,4,2,3
64,No AI,-0.3506926509708863,-0.21151484746840174,-0.349632353365368,-1.4937073334630513,-0.18429507662410322,-1.654135524550904,,0.026071144295749665,0.6373072831941355,0.5908331711429843,1.342467535367654,True,True,2,1,5,5,1,1,5,1,1,1,5,1,1,1,5,1,1,1,3,1
65,No AI,0.7640023740335292,0.541462482134118,-2.201635186345434,1.969962087123842,0.5864019886598155,-1.0265521414648067,,2.424788295384048,,,,False,True,3,4,5,4,2,3,3,3,4,4,3,4,3,2,3,3,3,3,3,4
66,No AI,0.3860232403634235,-0.8885091248673493,-0.9231681967210114,-0.2992211197190045,-0.4968436624294228,1.250727616395276,,-1.4115774399622167,-0.2081354803349501,-0.7785028867274083,0.13449083386837307,True,True,1,3,3,4,3,4,4,4,2,5,4,4,3,4,3,3,4,2,3,3
67,No AI,0.3224932308713049,-1.2510110037258808,0.2648378346331156,-0.008147482954474244,1.1721625503019535,-0.5691982883188269,,0.9488446589311683,1.588345763910242,-2.06765413585039,1.6912154235008583,True,True,3,3,3,3,3,3,3,2,3,2,5,3,3,3,4,2,3,2,4,4
68,No AI,0.4505790138971747,1.1334131766820497,-0.8819705408589381,1.4864740606303082,0.3229688054169436,-1.6319246411517658,,1.1216655075190647,-0.5525290741646363,-0.10452871363736818,0.5964300168618409,True,True,4,3,3,3,4,3,3,4,4,2,2,2,3,3,3,3,3,2,4,4
69,No AI,1.1030398213593784,-0.5013927716405606,1.1539698742706384,-1.1750496689654921,0.7707422148200602,-1.8732519212787975,,-0.48945468370996986,-0.07586551531668916,0.16803013046257162,-0.7273633319378201,True,True,5,3,2,2,5,4,3,4,4,4,2,4,4,5,1,3,5,5,1,5
70,No AI,-2.714409700072189,-1.447581328519735,0.6973016186655104,0.4137834164966691,-0.2855156299503845,-0.3632164257915351,,-1.1630242854758475,,,,False,True,4,5,3,3,3,4,4,4,4,3,2,3,3,5,1,3,4,4,3,3
71,No AI,-1.396397436653993,-1.9000447902373137,0.4367326176675165,1.7484471174029002,-1.0100580220618032,-0.04302172267917962,,-0.643640781269209,-0.7690325741327975,0.6506532695973052,0.3678484481652027,True,True,1,3,2,4,1,3,4,3,3,2,4,1,2,2,3,2,3,1,5,3
72,No AI,0.2595948367000459,-2.2065593652502544,-0.6513657307411809,-0.2646304340072936,1.0257630643647122,1.0287505888734005,,-0.3604260587676831,-0.2433043723850287,-0.5981971335544081,0.6926226048177178,True,True,2,2,3,3,2,2,4,3,4,3,3,2,3,2,5,4,5,1,3,2
73,No AI,-1.7100029802268781,0.12072813253474776,1.2264637045449716,2.5106813357230764,-1.1798534982131035,0.19437753759786713,,-0.5726600967880308,1.13701227046735,-0.16033160899810023,-0.9922913791799272,True,True,1,1,5,5,2,2,3,2,2,3,4,3,2,2,4,2,3,2,5,2
74,No AI,-1.2612457385224665,-1.1428250950752448,0.6149157610728528,-0.03427526599364371,-0.766247643393429,-0.6703419681998769,,0.6473218794552551,0.1952202438158911,-0.4900519568259415,0.35463616672613585,True,True,2,2,2,3,3,4,3,4,3,2,4,2,3,5,2,3,3,2,2,3
75,No AI,0.5140001868011734,1.3071002619357501,0.25276877729203945,-2.232776829184588,-0.7494761119359142,-1.074645988129706,,1.2621702452139454,-0.2636691355746184,0.758507516430939,-1.1496267105640687,True,True,4,4,3,3,3,4,2,4,4,4,3,3,2,4,1,4,4,5,2,4
76,No AI,0.8634633891605451,-0.5574828889811744,-1.3765715030655956,-0.3930066082214479,1.0661099332680206,0.2774116132215124,,1.7276866226038035,-0.3304838055144321,0.3321619586921218,0.6619314150969012,True,True,4,3,3,4,2,4,2,3,3,4,3,4,3,5,3,2,2,4,2,2
77,No AI,0.2357320692783512,-1.3232940723718196,-1.5873413922195942,-0.09187836878123297,-0.5152849829818202,0.7028452538805146,,0.881045052094505,-0.17639795768045707,0.48375590296592264,0.16812430052938557,True,True,3,3,2,1,4,3,2,4,3,3,3,3,3,4,3,4,4,3,3,3
78,No AI,-2.286045027751594,-0.5475027552489047,-0.696676027617348,-0.29368811268322736,-0.9548870912803674,-0.3905557394296174,,-1.09222560490749,-0.6911602650957339,0.9480912209434865,0.2471369755452128,True,False,2,3,5,2,2,3,4,3,2,3,3,2,2,3,3,1,3,2,3,2
79,No AI,-0.044538450365060656,0.6961919778723723,-0.2929668199920021,0.015565327008891981,-1.0220268361765255,-1.7317351048826652,,0.8090431059942269,0.5631549027051078,-0.5771295636398028,-0.29258458599393233,True,True,4,2,4,4,2,3,4,2,3,3,3,2,3,2,5,2,2,2,3,2
80,No AI,0.14359175835697757,-0.06400295380328756,0.13047835805627483,0.8279722004839118,0.26597303155500646,-0.46868943495960097,,-0.14035105434034967,,,,False,True,3,3,3,4,4,2,3,3,3,4,4,4,3,5,4,3,4,2,2,3
81,No AI,-0.4376453486808394,-1.8529374133450927,-0.57002309251233,-0.9656834009648396,0.637813061579996,0.021753034772230954,,-0.8566616337603594,-0.9151657750734277,-0.6894965496995193,-0.6959710679879443,True,True,4,4,2,4,3,3,3,2,4,4,4,4,4,2,2,3,3,4,3,4
82,No AI,-0.22467604202867858,0.7985369313499567,0.07811636344095828,-1.4095501994442032,-1.051256512498403,1.5065736830137972,,1.1193704878163122,-1.5411182519932365,0.008299868610891555,-0.6058334829742632,True,True,4,4,2,2,4,4,1,5,4,3,3,4,5,4,3,5,3,3,1,5
83,No AI,-1.2157481100311363,2.0101149154791482,0.4885922988083392,-0.5752617816072035,-0.572364036391119,-0.7398598745512173,,-0.8389113576659061,0.10495057783252736,1.2709870703457766,0.6996711966066018,True,True,2,3,2,3,2,4,2,2,2,4,3,3,2,2,2,3,2,4,3,2
84,No AI,-0.8017495547911601,-0.835463722521599,-0.9114939500728453,-0.1956927893622156,1.214367284143404,-1.1972552323304233,,-0.3978743461827527,0.22768347167247321,0.0358908124364721,0.623140099742516,True,True,2,2,3,4,3,2,3,2,2,4,4,2,4,3,3,3,1,2,5,2
85,No AI,-1.299333160290337,-1.658376116249186,0.018171122756713533,-0.6892364952481426,-0.36120440123848135,-0.8053328017938433,,-0.40941943924288443,0.6582953226556854,0.815644644536686,-0.831542104943671,True,True,5,3,3,1,4,3,1,4,5,5,1,4,4,5,2,4,4,3,2,4
86,No AI,-0.13973814274858376,-0.8200699984683153,-1.9225171650048354,-2.121094579471711,-0.19152513096564325,0.18092713895010815,,0.5065189621491064,0.14074671576259024,0.2831635331617886,0.20475958875571124,True,False,2,2,3,3,3,3,2,3,3,4,2,2,3,3,3,3,3,3,1,3
87,No AI,-0.49141664981512473,-0.20406335496935274,-0.8214260378458752,-1.957465062428854,-0.17492177201658474,0.7940986925239237,,-0.07329404644227569,-0.034882043803496035,1.6515331833209876,-0.22726587345994295,True,True,2,3,2,3,3,3,5,3,2,4,4,4,3,2,3,4,3,1,3,4
88,No AI,-0.0029362831168917697,-0.5377086450855348,1.4788460595560924,1.3360876940288635,-1.7240064003078222,-1.2105438107693791,,0.7003851410590137,,,,False,True,1,2,3,4,3,3,4,2,3,4,5,2,3,3,4,1,4,3,4,4
89,No AI,0.2583481303171502,0.0618557857872711,1.1343433034762767,1.3925031099924636,0.12511394715304236,-0.7166500603438859,,0.6887098926681634,-1.0843816830094923,0.7138613837142148,1.664899051368135,True,True,3,5,2,3,4,5,3,3,4,2,3,4,3,3,3,4,3,3,2,4
90,Uncalibrated AI,0.69990728625242,0.4218746014554808,1.8274745253851419,-0.02226179342446593,0.2643863787978923,0.2458948059757035,0.4,0.3597299867290691,,,,False,True,2,1,3,3,1,2,4,2,1,3,3,2,3,2,5,2,1,1,3,3
91,Uncalibrated AI,0.18733913841739994,1.2119053287672201,0.033017714360247474,0.37557871198418,-0.25249500363284955,1.7283420125975546,0.8,1.5830161765564563,-0.7611047589308058,-0.4867027360157643,-0.2909389058216381,True,True,3,1,5,4,1,3,4,2,1,1,4,3,1,2,5,3,2,2,3,2
92,Uncalibrated AI,2.6825721599053662,0.25791057917311394,1.2624079494701546,-2.198423151326936,-0.5530905295237875,0.2525175930839269,0.8,-0.896847942239276,-0.625954503501191,-1.8410294208891298,-0.015281222765235358,True,True,5,5,1,3,3,5,1,4,5,4,2,4,5,4,1,5,5,4,2,4
93,Uncalibrated AI,-1.1815530903466547,1.469307156963119,0.37244578898789327,0.5795172081210485,-0.1854491974732791,-0.6125034601737027,0.9,1.3680452899080537,-0.6416129492364546,1.4238659055604501,-1.9247246852363893,True,True,1,2,4,3,3,3,3,3,2,1,3,2,3,2,5,2,2,2,4,2
94,Uncalibrated AI,-0.6329759945604791,-0.5968997760571367,0.3655012958775034,-0.31212459416932953,-0.362678309745013,1.7338752502419148,0.2,-1.3640605427772234,,,,False,True,2,2,5,5,1,3,5,2,2,2,5,3,2,2,5,3,2,1,4,3
95,Uncalibrated AI,-1.4431022806434377,0.16222662397237902,-1.2592058611967454,-1.7664442173506523,-1.1043987198467944,-0.836938367003913,0.4,0.8017053153212761,-0.8477053411393136,0.48090796160854016,0.6223883607810223,True,True,2,1,4,2,3,2,5,1,3,3,4,1,3,1,4,2,1,2,3,3
96,Uncalibrated AI,1.622332124590214,0.8282983230783191,-0.15554294925379228,-0.010362491806013502,1.8981048646147625,1.296197901251199,0.9,0.38634225081232043,2.1192933403926864,-0.609663786407846,-0.6946880877844491,True,True,3,3,3,4,3,1,4,4,2,2,4,3,2,1,3,2,2,2,3,2
97,Uncalibrated AI,1.875971041877797,-1.5775263663284198,-0.13858562432455523,-1.771008730906829,-0.566465718477599,-0.10034348809737548,0.5,1.5116289669133054,-1.1217686353496696,-1.8038738565143546,0.7356532621384388,True,True,2,3,3,4,2,2,4,2,2,2,3,2,1,1,4,1,1,1,4,2
98,Uncalibrated AI,0.987122537428371,-1.990530809048638,-0.5053964681079538,0.8077180352418966,-0.7098000401492902,-1.608166898952756,0.4,1.0641636908855037,-1.6268550418134624,-0.7034552290284024,0.500096304314617,True,True,3,4,3,2,3,4,2,3,3,4,2,3,4,5,2,3,3,4,3,4
99,Uncalibrated AI,-0.5211790523234905,-0.2500690994870501,-0.4608645860415322,-0.5088916420185463,2.1779426499469485,0.21137848269091747,0.8,0.07916463585899403,1.4086394618026086,-0.015102394870927016,-1.5190651975274796,True,True,1,3,3,5,3,2,3,2,2,3,3,2,1,2,5,1,1,3,5,2
100,Uncalibrated AI,0.9900220646311371,-1.352353074014563,-1.2463027712237178,0.21411694413514706,0.21446200809729002,2.373384836029628,0.8,0.7729773521065748,-1.156006534724459,-0.901679832594825,-0.04601323082780229,True,True,5,4,3,1,4,2,2,3,4,4,3,3,2,4,1,4,5,1,4,4
101,Uncalibrated AI,0.5970489042332723,1.0645018869183052,0.4157061083734233,-0.8256325804537648,0.027730278993620506,1.237078405165683,0.7,0.19365603032066048,-0.6262398525041178,-0.26020440747132456,1.1599890504976484,True,True,4,2,2,4,4,5,3,2,4,5,2,4,4,4,3,4,5,3,2,4
102,Uncalibrated AI,0.18074760103882576,0.5502329459370082,-0.8219192301464818,0.2828969185751283,-1.0191118468491673,-0.08628491884999656,0.4,1.539359386721674,-1.7941334224652703,-0.5008661419269346,-0.11951627100235418,True,False,2,4,3,3,2,1,4,4,3,3,4,3,2,2,4,2,1,2,4,2
103,Uncalibrated AI,1.2053061444176363,-0.20107047712580187,-0.6629651240766722,-0.5328896785132564,0.8583118149762395,1.680849470913745,0.4,-0.774707973383339,-1.0110535224674422,-0.5917806206487257,-0.6791463181291157,True,True,4,3,4,4,4,2,5,5,3,3,4,3,2,3,4,2,2,4,3,2
104,Uncalibrated AI,-0.35022497911113093,1.6141617270133366,0.8274400495535105,-1.5379511934438133,0.7709877740922485,0.11235615694699497,0.8,-0.1645112795469621,-0.8131531497976179,-0.2580085997332622,-0.7192670497362389,True,True,4,4,4,3,3,4,3,4,3,3,2,3,4,2,3,4,4,3,3,4
105,Uncalibrated AI,-0.03540157346515533,0.6497291118471706,0.15882764625517795,0.692554758402057,0.2014455156315008,-1.0083820379330353,0.4,1.2823999943805502,0.13961938191235723,0.5281371637411838,-0.3948322224579198,True,True,2,2,4,5,2,3,4,2,2,1,4,2,1,1,5,1,1,3,5,1
106,Uncalibrated AI,-0.8622043698927171,-1.0497493289960524,0.07343042406225471,0.5585611701860843,0.1409112330622524,1.5970565444138252,0.5,1.2365323444684204,0.37392404124123746,0.4023953718749567,-1.4764228057167723,True,True,2,3,5,3,2,1,4,3,3,2,5,1,2,1,3,2,2,2,4,3
107,Uncalibrated AI,-0.4631594122205472,0.24386522529315613,-0.67266075139414,1.553740438064566,-0.340111245742453,-0.5074074978171166,0.4,0.9679988531756278,1.6709246744029618,-0.22490538200597532,-1.2110074361571361,True,True,3,2,4,4,1,2,4,1,3,2,4,2,1,1,4,1,2,3,3,2
108,Uncalibrated AI,-0.9069967368617561,-0.19769560328645758,-0.3001839780823976,1.491682143135365,0.5037804503041987,0.5194074421709998,0.1,1.8026548602833214,0.060318023754402705,-0.2027149773879081,-0.1014908725965269,True,True,2,4,4,4,1,2,4,2,3,2,3,2,4,2,4,3,2,1,3,1
109,Uncalibrated AI,0.05662512208449356,-2.5923619362589263,0.41841678702961055,1.8852421839697557,-1.2185364739027005,0.5991485404320213,0.2,0.7698393950495722,0.5521277273903378,-0.7850012622920006,1.5636282537612394,True,True,5,2,2,2,3,3,2,3,3,4,3,3,2,4,2,4,4,3,2,5
110,Uncalibrated AI,-0.018474239794098603,0.7882016825206235,0.5598056457602121,1.0476703390778186,-1.9604843812164856,1.3551565800938121,0.8,-0.2043826407014021,-2.9467805590447442,0.2976193589524983,-0.987679414870091,True,True,1,2,5,5,1,3,5,1,1,2,4,1,2,1,5,1,1,1,3,1
111,Uncalibrated AI,1.1599040809426744,0.8146248855987192,-0.1895872248843253,-0.13007070655668795,0.7753076810291303,-1.1481560401466084,0.5,-1.6833473705550284,-0.19772535451791656,-0.035871062022125366,-2.6224983720509734,True,True,1,2,3,3,2,2,3,3,3,2,4,1,2,2,3,2,2,4,4,4
112,Uncalibrated AI,-1.015166178282482,-0.6565893652983018,0.7740852550404287,-1.616407115651568,0.41838492360496826,-1.079733247252829,0.5,1.680446058663696,0.8709509426198074,-1.0536461758505067,-0.6518009250281326,True,True,2,2,2,5,3,5,2,3,3,3,4,3,3,3,3,3,4,3,3,3
113,Uncalibrated AI,0.4770297434485368,-1.3451688806294801,1.622314418674332,1.0384306694157568,-0.023526852997940655,0.5354620432415724,0.3,0.23595613558597392,-0.7043524414097135,-0.7112158977281531,-1.1424106183373821,True,True,3,3,2,2,4,3,2,2,3,3,2,2,3,3,2,4,4,4,2,3
114,Uncalibrated AI,-0.7297531828924194,0.6697231252209741,1.180310191037744,1.7951848449278607,0.42426220550851007,-0.4281131938999899,0.3,-0.5870291494674873,1.5213408139151414,-1.7319608110299918,-2.0276383074861895,True,True,2,5,2,3,3,4,3,3,3,4,4,3,3,3,4,4,4,4,3,3
115,Uncalibrated AI,-0.7316774645901986,-1.5892313902522905,0.9518392623208398,0.23198006704777127,1.4403316031873648,0.09748389876350372,0.5,0.9329362848580085,0.6233089203974561,-1.5599749744683997,-2.3137127617222544,True,True,2,2,5,4,1,1,3,3,3,1,5,2,2,2,5,2,2,1,5,3
116,Uncalibrated AI,1.0453126318172035,-0.8225736020347254,-0.3617650269216507,-0.4464130722133551,1.5396537931772063,-0.5507194652201166,0.4,-1.2919206276113977,-1.193051796536324,-1.7939425309947146,0.518329313271199,True,True,1,3,3,5,1,2,4,2,2,3,4,2,2,2,5,2,1,2,3,2
117,Uncalibrated AI,0.9985646252385779,-0.03883457180281458,-0.24831595460537814,0.5985415386560962,-1.0533055038799397,0.0641980532168232,0.7,0.5557319608006825,-1.1692901362895194,0.8111932094376058,-1.1127625220099162,True,True,4,5,2,2,4,5,2,4,4,5,1,4,4,4,2,4,4,4,2,3
118,Uncalibrated AI,-0.4948341913769984,-1.5998477063889143,0.36910690075120384,1.7966123138270007,0.5808566661178977,0.6717376073425253,0.2,0.015493825943136974,0.543252377908028,2.418481617610239,-0.8583013493398262,True,True,2,1,4,5,2,3,5,2,1,2,3,3,1,3,4,2,2,1,4,1
119,Uncalibrated AI,-1.3289407305507874,0.40429879170399446,-2.5148707079728188,1.2998192026261373,-0.7370581763651106,0.5128612143342197,0.5,-2.042067119758879,-0.9629602962308503,1.4626469586104984,-0.6837753182543966,True,True,3,1,5,4,2,1,5,1,2,2,5,3,2,1,5,2,2,2,4,2
120,Uncalibrated AI,-0.1290839760065605,-1.5422814729254102,-0.6036387820637242,0.17172375778456864,-0.6069768238651749,0.0374243850721277,0.2,1.3606026579736783,-2.5938776231780043,-0.22512592784153448,-0.6613319081828678,True,True,3,1,3,2,4,3,2,4,2,4,4,3,2,3,3,3,4,2,3,2
121,Uncalibrated AI,1.7554309408969568,-1.1355190441065524,-1.1516447901126783,-1.7346954897089786,1.9289743907514438,-0.05534703682334785,0.5,2.1232986857713962,-0.43625617110656423,-1.147823353850746,-0.25930220353009953,True,True,3,2,4,3,3,3,3,3,3,3,4,3,4,3,2,3,3,4,2,3
122,Uncalibrated AI,0.49915742980099925,-0.19509332437945243,0.6674300178506848,-0.5923542921808779,-0.2365999240374317,-0.0838620751538115,0.5,0.3270793650554027,-0.6773384190347939,-1.2087986097749825,-0.7692085144044067,True,False,4,4,1,1,4,2,2,4,5,5,2,5,4,5,2,5,4,5,2,4
123,Uncalibrated AI,1.1673173608605334,-1.1788753693072096,0.7737571052779156,0.7565163464883767,-0.1491051933105,0.566179698836066,0.5,-0.7746150328139171,0.12527651664809147,-1.062639473683206,-0.9364613772421087,True,True,5,5,2,1,5,3,1,5,4,5,2,5,4,5,2,5,5,4,2,4
124,Uncalibrated AI,-0.5415220464788891,-2.0545215793707676,-0.5332653079178065,-0.44759926993118565,1.6489078675313744,1.1411957102360164,0.2,0.7949730693374493,-1.0681041553937498,-2.477973686347003,0.802854090689119,True,True,2,3,4,5,2,1,5,2,2,2,5,1,1,2,4,2,1,2,5,2
125,Uncalibrated AI,-0.010425084315026898,2.4535083945843286,-1.4190379293644209,-1.3235293244459259,-0.27305231031656374,0.7840920980514784,0.5,-0.22591510735250409,-1.0981447506107052,-0.5547144311299537,-0.32514365839376097,True,True,4,3,2,2,4,4,2,5,4,3,3,4,4,3,3,3,4,4,1,4
126,Uncalibrated AI,0.14416967603197128,-0.02716243229432706,-0.8340841159363975,-1.7574945207652708,-1.2121719338137342,2.0957927594902603,1.0,0.20464633279547154,-2.2868286211855153,-1.1551970097596382,-0.8964394814785361,True,True,3,2,3,5,2,2,4,4,1,1,3,2,2,2,4,2,3,2,3,4
127,Uncalibrated AI,-1.40009824725556,0.2779413865014807,0.4541199987031657,0.7827822568163252,-0.5718717138026024,0.849959170330336,0.7,0.8248858791591185,0.0940481251203682,-0.9269098289504921,-0.08818637183423361,True,True,1,2,4,4,1,3,4,3,3,2,4,3,2,3,4,3,1,3,4,4
128,Uncalibrated AI,-0.45983870385236025,-1.3025273640613269,1.4269225089745252,-1.761744864444345,0.6621827401934111,1.4207139021573427,0.6,1.139931454711549,,,,False,True,3,2,4,5,4,3,3,2,2,2,5,1,2,4,4,2,2,3,4,3
129,Uncalibrated AI,0.6552096672257868,-0.010919045521157156,-0.051420521457451476,0.30636803573498106,-0.10111454522559579,0.05003519430193143,0.3,0.4613971460645726,0.6628949925643295,-1.2096980658213694,-1.1785131943297613,True,True,2,3,4,2,3,3,3,4,3,4,3,2,3,3,2,4,4,4,3,3
130,Uncalibrated AI,-0.927837195940289,-0.5743304571572357,0.8364420879330009,0.3760265941495478,-0.2668532343841048,0.17815698027455784,0.2,1.5554689329293203,-1.6632931680148695,-0.5266751361957449,-2.234054981201343,True,True,3,2,5,4,2,2,3,1,2,1,5,2,2,2,4,1,1,2,4,2
131,Uncalibrated AI,-1.4589044722498332,0.2179056393913381,-0.23591006041308565,-0.16086469148999596,-0.6115372775383712,0.22292490937103887,0.6,1.173367141988096,-0.6268707291589413,-0.34650155635706686,-1.6199665106189984,True,True,3,2,3,4,2,2,5,3,2,2,4,1,2,3,3,2,2,1,4,3
132,Uncalibrated AI,-0.8609708861503802,0.07310788974691837,-1.6169753505899043,-0.316374659610246,2.297478704064776,1.8970853456408059,0.4,1.6163778702026974,1.222621730252619,-1.4037165929465059,0.9414964326023281,True,True,3,1,5,3,2,3,4,2,2,2,3,2,1,2,4,3,2,2,4,2
133,Uncalibrated AI,-0.27762317116197965,1.640619391805727,0.06260570097396874,-0.7504413912782906,-1.6014086512333063,-1.7786182384139777,0.5,0.6940680210462935,-2.1036610930089186,-0.12566337610229478,-2.1150015793954724,True,True,4,4,2,3,5,3,3,2,3,2,3,3,4,3,4,4,4,3,1,3
134,Uncalibrated AI,-1.4814887501149678,-0.3320722646702755,0.6029261116561858,1.484752282271476,0.17075603781862503,0.3345196771289819,0.7,1.4066421492989076,-1.0058041962254594,1.094350912326219,-0.20146918896229898,True,True,3,2,3,3,2,4,3,2,3,3,3,2,1,2,4,4,3,1,2,2
135,Uncalibrated AI,0.23391987763283817,-0.20408999156145402,0.032443921268540045,-2.0190752736791047,0.15313694703036249,-0.057307563066211764,0.3,1.2879388405322612,-1.607746702462346,-2.142788573252413,-0.050607155304241314,True,True,2,3,3,4,3,3,3,2,2,3,4,2,4,2,3,3,3,2,2,4
136,Uncalibrated AI,-2.1328061498048654,-0.043768776404500484,-1.8807359545321742,-0.271987952937561,0.0023516345033795087,0.45316757334051916,0.4,-0.18912826477685107,-0.26377174566178274,-2.0547061365831167,-0.964851003879746,True,True,1,1,4,5,3,3,4,1,1,2,4,1,1,1,5,1,1,1,3,1
137,Uncalibrated AI,0.12616552599646735,0.594087419572939,-0.9084956253874689,-0.3209576240361192,-0.5583994633585448,1.9306434110073614,0.2,0.7568870339132955,0.7931975483975866,-1.3273816546453447,-1.1273090095423588,True,True,1,5,3,2,3,4,4,4,4,2,2,3,3,4,3,3,3,4,4,3
138,Uncalibrated AI,0.03538088444278651,0.4300238158612213,-0.2743406912140936,0.30274169749658236,-1.0213481917164502,3.6493069447841746,0.7,-0.17058924581712442,-1.1451930218035888,0.13592818713028793,-2.85239617607939,True,True,2,3,3,5,3,3,3,1,2,3,4,2,1,2,3,2,2,2,4,3
139,Uncalibrated AI,-0.46977482632127043,-0.1911945030291234,-1.2320421460898543,0.22628378751147551,0.15622271879006594,1.3152069419574728,0.4,0.6678449519238976,-0.030175704257063507,-1.0481679581095058,-0.5459868075959622,True,True,2,2,5,5,1,1,5,1,1,1,5,2,1,1,3,1,1,3,5,1
140,Uncalibrated AI,0.026391882890797008,-0.7393222893475888,-0.560674355641121,1.3490507227684583,-0.40701379165871654,0.41255356911645125,0.6,0.7569654535842167,-1.0484763076550894,-2.2440320789564008,0.6260443004330822,True,False,1,2,4,4,1,3,2,2,2,2,4,2,1,2,3,2,2,3,5,1
141,Uncalibrated AI,-1.3737831860162149,-0.21396178948614597,-0.1091209360749393,0.25307251297946104,0.9079094208385312,0.24735227230048573,0.8,0.6304099185092009,0.6867145116772839,0.7344675372948539,0.06163270653948505,True,True,1,1,4,3,3,2,5,2,3,1,4,2,2,1,4,3,1,2,4,4
142,Uncalibrated AI,0.02685140436775661,0.7668834658360671,-1.1127936809195176,-1.2042751314280273,-0.019616699261057635,0.3375821011988944,0.3,0.8159144642863385,-1.0868157321017728,0.7198812543410911,0.5999666240878113,True,True,3,3,4,3,3,2,3,3,3,3,4,2,3,2,3,2,3,3,3,3
143,Uncalibrated AI,0.2874976645833753,-0.7333601977536368,0.5996829424386502,0.01821101092504115,-2.189418964572655,-0.3311332082472448,0.3,-0.024721622782062025,-0.4980253808847124,0.5851052932776895,0.7704539822827019,True,True,3,1,4,4,3,2,4,2,3,2,3,3,3,3,3,4,3,1,4,2
144,Uncalibrated AI,-0.6673136691396041,-0.9945202709120441,0.45207840105642705,0.3162313912781673,0.5289266603276618,2.104444504993784,0.8,0.15204577143840847,-1.109708214941508,-0.5156566893963995,-1.3646976171614467,True,True,3,2,3,3,3,3,2,4,3,3,3,2,4,3,1,3,1,3,2,3
145,Uncalibrated AI,-0.10890483088895667,0.05906520075295093,-1.4575518670181349,-0.6352643707164568,-0.032332234003033845,-0.8188373368707818,0.4,-0.23457605523379055,0.7984872593654291,-0.6934293102723363,-0.5939616408468943,True,True,1,2,3,5,1,2,4,1,2,2,5,1,2,1,4,2,2,3,5,2
146,Uncalibrated AI,-1.136316102351377,2.419250157769518,-1.6604321386358505,0.08761337895409985,-0.8601632791361573,-0.28527292514486535,0.8,1.1727714125908997,-0.9677781749293867,0.21458339792299747,0.9265170134291906,True,False,4,5,2,2,3,2,5,3,3,1,3,3,3,2,5,3,3,2,4,2
147,Uncalibrated AI,-0.5467277357198478,1.0384868989561826,0.1620131213996315,0.2489781526032687,1.300129985797116,0.06709721568073373,0.6,2.2660432961385184,0.022431892664484143,-1.704239863818921,-0.6571351310592599,True,True,1,1,4,5,1,1,5,1,1,1,4,2,3,1,5,1,2,1,5,1
148,Uncalibrated AI,-0.8300370651408392,1.1868433306552033,-0.7089755030054062,-0.11265773879476965,-0.8922259475824273,0.9368131198419389,0.5,-0.06737516964997986,-2.2180691071082155,-0.6940418832838976,-0.9004790754662083,True,True,1,1,5,5,1,1,5,1,2,1,5,1,1,2,3,1,1,1,5,1
149,Uncalibrated AI,-0.40832758897309784,0.13911760180010327,-0.5362869325438085,-2.678516774629976,0.6556737607893826,1.0781772964111291,0.7,3.4291965181858948,0.20091200664966408,0.6941392488795135,-0.5654751351336681,True,True,1,1,5,4,3,1,4,2,2,3,4,1,2,2,5,1,1,2,4,1
150,Uncalibrated AI,-0.30092303946545607,0.17708896097411825,-0.18922522250483742,-0.6332637861567512,-0.2917218930095245,0.06475987884225493,0.6,0.11946983109053344,-2.3718547045294924,1.574012620081284,0.7327124977142203,True,True,3,3,3,3,4,2,2,4,2,4,3,3,4,3,1,2,3,3,3,2
151,Uncalibrated AI,-0.53068922238672,-0.20103238674857307,2.321142203546285,0.4225613148491907,-1.0055682270776356,-0.457548318855881,0.3,0.43726892465205663,-0.4678892274332691,0.4665418601304295,-1.3278434589032369,True,True,4,2,3,3,2,2,4,3,2,3,3,3,3,3,2,3,1,3,3,2
152,Uncalibrated AI,-0.1450325538424519,-1.1303661209864502,1.2121836592961097,-1.7903500450722853,0.6134313832481232,-0.7615198273836501,0.1,0.1819377547152806,1.4288219712529777,-2.4528094812610597,-0.1660587860832684,True,True,5,3,2,1,3,4,1,5,5,5,2,3,4,5,2,5,5,5,2,5
153,Uncalibrated AI,-1.814043642339239,-0.10167739011804339,0.9672390455525103,-1.069234955226559,1.044874031691082,-0.16040231776413938,0.6,0.22184729071116358,-0.26527723397986414,0.2847492954802166,-0.2578420213396888,True,True,2,4,4,4,3,3,4,4,3,2,4,3,1,2,5,2,2,2,3,2
154,Uncalibrated AI,-0.10265195787260173,0.8805226219843859,-0.6539325454028135,1.1632535194848632,-0.47100578430175755,0.9660785686843936,0.4,0.2212549240620532,-1.2358148586850617,-0.028879519454897695,-0.4491244450275089,True,True,2,2,4,4,1,2,3,2,2,2,4,3,3,1,4,4,3,2,3,3
155,Uncalibrated AI,-0.9747361155028645,-0.20422031923828934,0.6765731413541474,0.6080720941456532,-0.8424009406799269,1.8739928015319018,0.4,0.6458050548270238,,,,False,True,2,3,3,2,3,2,3,2,2,3,4,3,3,2,5,3,3,2,5,2
156,Uncalibrated AI,-0.22708709911420474,0.23091751151647763,1.232533377778334,0.48462689830292977,0.695351910006834,0.09486113212534752,0.8,1.4246037335494184,,,,False,True,2,3,4,4,3,3,2,1,2,2,3,2,3,4,3,1,3,1,4,4
157,Uncalibrated AI,1.0197443267141921,0.6588152772413373,0.14229185595633956,-1.8954970377348803,-1.33311522282131,-0.17524300819200378,0.4,-0.7013231626061683,-0.534506036527643,-0.5320810157817324,-1.6776151222959237,True,True,2,2,5,2,2,4,3,3,1,1,3,2,3,2,3,3,2,4,4,2
158,Uncalibrated AI,-0.0017654597295539537,-0.5844429084669666,-0.8984001311883039,0.7572976974241884,-0.7719996886115722,-0.9233738723614322,0.5,1.8481097389135388,-0.9447495010237152,0.699848976699641,-0.5612803353756354,True,True,1,1,4,5,2,1,5,2,2,2,4,1,2,2,5,3,1,1,5,1
159,Uncalibrated AI,-0.6621009006844868,0.8051322525404572,-0.01660229030072831,-0.9393554750686279,-1.212783629504656,0.8540761678645212,0.7,0.608096941233601,0.14469987297637643,-1.6858256222540886,-0.40413204636223277,True,True,3,1,4,4,2,2,5,2,3,2,3,1,2,3,5,2,2,2,4,2
160,Uncalibrated AI,0.9625098987541013,-0.4394370573980118,1.0254125898240147,0.20456060990222508,0.141285762406522,0.38989285843321564,0.6,1.776065744852155,-1.134745261683208,1.1985556901948484,-1.0679798915844798,True,True,4,4,2,3,5,3,2,4,4,5,2,3,4,5,2,4,4,4,1,5
161,Uncalibrated AI,-0.2672529788527908,0.8238336277230577,0.3209611706898385,0.07759797697910457,-0.817566036955986,0.9270371364719017,0.6,-0.042902007008218945,0.20166843734644424,0.7731428006433754,-1.0191561151308797,True,True,1,3,4,4,1,3,4,3,2,2,4,3,2,2,5,1,2,3,4,3
162,Uncalibrated AI,-0.7038061389600134,0.06986952612337799,-0.504149728345015,-1.5719047035627958,0.5679936025775574,1.4543702029811612,0.8,0.07832448322459978,0.42690588065731494,-2.3370192983208695,-0.26457685713919804,True,True,3,1,5,5,3,1,5,2,1,3,4,2,2,2,4,3,2,1,4,3
163,Uncalibrated AI,-1.6316408339199098,0.8637062270969931,1.0885930733348157,1.6162834740190208,-1.8975946304927636,-1.2784229565168885,0.6,-0.5327355445305911,-1.5859314356536605,-1.8957365950886464,-1.27951514677838,True,True,3,2,3,4,3,3,4,2,3,3,3,2,3,3,4,3,3,2,3,2
164,Uncalibrated AI,0.5784907763805617,0.4843614676119823,0.302219829637752,-2.2074130441169078,-0.8510919768711627,0.1818206074058465,0.4,1.2960580148770382,-1.613375625658903,-0.3856077377087197,-0.3673010460487887,True,True,2,3,4,4,2,3,4,2,2,2,4,3,2,3,2,2,2,1,4,2
165,Uncalibrated AI,0.833654025616931,0.6181465415241855,1.0440421553559103,0.28759732977727737,0.6857252465839571,1.7010651617651387,0.5,1.0164083075366863,-0.04304894899037803,1.0779712189261166,0.9333620363854069,True,True,4,2,5,3,1,3,3,3,3,3,2,4,3,4,3,3,2,2,3,2
166,Uncalibrated AI,0.8590672455603658,-2.3113530475623727,1.2825917646617369,0.21412664451736224,0.8655636433667405,1.0112422397771037,0.5,0.7358558964042821,-0.34268052369493,-0.5758434621778017,-0.13653197923393331,True,False,3,4,5,3,3,3,4,1,3,2,2,3,3,3,4,3,3,3,3,4
167,Uncalibrated AI,-0.6663105852187654,0.2511204934028852,0.3290144446571577,-0.7045799479620496,0.7371956103485822,0.23627880594610173,0.5,0.1713545914700461,2.3744038589691083,0.9328190463001571,0.3690535001340636,True,True,1,3,4,4,2,3,3,2,3,3,4,1,2,3,3,1,3,2,5,4
168,Uncalibrated AI,-0.42131406286048334,-0.21018011118546778,-0.40086204976479367,1.051984787876292,1.4289804244857198,-0.5852782356083743,0.6,0.2174728021052795,3.043534127192145,-1.8853025446397242,1.6317018283534392,True,True,2,2,2,5,2,2,4,4,4,3,3,1,2,2,5,2,3,3,4,1
169,Uncalibrated AI,1.2650625820056958,0.8224151178704888,0.712033372365369,0.19267843956627573,-0.4565195975368279,0.649590376960409,0.6,-0.9698002489216543,-0.5066503953568702,-0.321824203735104,0.19921006204905034,True,True,4,5,1,4,5,4,1,3,4,4,2,2,3,4,2,4,4,4,3,4
170,Uncalibrated AI,-0.4936041955333755,0.4071440871341587,1.1694415819561026,-0.8842030158701342,-0.2967954872545777,0.39272329266528905,1.0,-0.5146518986468365,-2.284197770096907,-1.006949740943527,-0.43913810128471253,True,True,1,2,4,5,3,3,5,2,2,2,5,2,2,2,3,3,2,2,3,1
171,Uncalibrated AI,0.5668116325724052,-0.20125964419817263,-0.9088744341640231,1.369929523386027,0.40670257380259817,0.47602694489866876,0.3,0.35060889749058255,-2.4414061435472885,-0.6062408766960851,-0.45068647493117825,True,True,3,2,4,4,1,2,3,2,2,4,3,1,2,1,3,2,2,1,4,4
172,Uncalibrated AI,1.5942581554452329,-1.0784121308934442,-0.018191489283751378,1.2160731228854682,0.5539819594148152,-0.5290543449163061,0.4,-0.01237203121948921,-0.4830115055265368,-1.3995618455261067,-1.953270034959677,True,True,3,3,3,3,3,3,3,3,4,4,2,2,4,3,2,3,2,3,3,3
173,Uncalibrated AI,0.8063242081153796,-0.10579441941622585,0.45025372581716716,2.5855021190201506,0.2750423734384678,-2.0154037729053442,0.5,1.2531722408173251,-0.31099908825795997,-3.5375408248167832,-0.5010834190256178,True,True,2,1,4,4,2,1,4,3,2,2,4,1,4,2,4,3,1,2,4,2
174,Uncalibrated AI,1.4769712410651803,-1.2765749575826186,1.5371510354930016,0.6722538133264462,-0.44309726426148766,0.14264737844251818,0.2,-0.42002838852255164,-0.44268526498245,-0.4316624854327873,0.7453059117332103,True,True,2,2,5,4,2,3,3,2,2,1,4,1,3,2,4,3,2,1,2,3
175,Uncalibrated AI,-0.31151687338202627,0.3760645552421186,0.7968406333054172,-0.6935737591078514,-0.4486044745634973,1.2800646062797258,0.6,0.053280808436704075,0.5390226174271214,-0.19500600885234903,-0.2623627845829714,True,True,2,5,3,2,2,2,3,4,3,2,3,3,2,3,2,3,2,3,1,3
176,Uncalibrated AI,-0.5432919539384492,-0.7587687119247651,0.8079939707692275,-0.31988960477406647,0.5131486444557732,-0.9788961507436034,0.3,0.49491307217054004,,,,False,True,4,3,3,3,4,4,2,3,4,3,4,2,4,4,3,3,4,5,1,4
177,Uncalibrated AI,0.18401202400641484,0.6094856659036673,-0.1513912043524335,-0.5073672624276983,-1.209149773898153,0.48958902235913343,0.3,1.2455401867929798,-0.7827769325667207,-0.5245684498147197,0.2129077580218648,True,True,1,2,4,4,1,2,3,4,3,3,3,3,2,2,3,2,2,3,4,4
178,Uncalibrated AI,1.1152058342114595,0.8047097789137836,-0.7007884634223988,-1.004145306036152,-1.7255281525302717,-0.6617655188764455,0.5,-1.4385009035732739,0.2406532335235776,1.1094983477580453,-1.283143665098943,True,True,3,1,2,4,3,3,3,3,3,2,4,3,3,3,5,2,3,2,4,2
179,Uncalibrated AI,-1.8196807439921352,-1.9014025688281149,0.5378707977162909,0.007788054622707396,1.0049990398904562,-1.6493174280800633,0.2,-0.6923009031646087,-0.47341247151671684,-1.8952724766352138,-2.0920824215724263,True,True,2,1,5,4,1,1,4,2,1,2,5,1,1,1,3,2,1,2,5,2
180,Fortified AI,-0.1769488808907929,0.6615186911244967,0.09205562483566948,0.1371678978963066,-0.024580763142414436,-1.4555267293558871,0.6,0.7492722081410633,0.76604345283846,2.43832347820979,0.13598367303416206,True,True,3,3,3,4,3,1,4,2,4,2,4,2,3,3,3,2,3,2,5,3
181,Fortified AI,-0.9234673413666065,0.6238049890367067,0.2801806767755164,-0.49742189353171923,-0.19354832268158356,-0.02328171463744766,0.5,-1.1595766878597737,-0.3183704125519562,0.3920176774858564,0.4921367404651277,True,True,1,2,4,5,1,2,5,2,1,2,5,1,2,2,4,1,1,1,5,2
182,Fortified AI,0.5095853634931105,0.31267032152304003,0.24514287682152008,0.28654777333495823,-1.3224880897765865,0.5000814194351568,0.4,2.598200190767298,0.17401560155009432,0.07086372295071182,1.475695435832678,True,True,4,2,3,2,4,3,2,5,2,3,1,3,2,4,1,3,5,5,1,2
183,Fortified AI,1.098859988756315,0.7733082501867407,3.8304283124544787,0.18267417148417586,1.7479811298148686,0.04443451077228833,0.9,-0.06266833477664296,0.7698678930464655,-0.32979482493592877,-0.6520596228895557,True,True,3,2,4,3,4,1,2,3,4,4,4,1,2,2,4,4,2,3,3,4
184,Fortified AI,-0.23058173610386012,1.2769411432204207,-1.293517242834425,0.16220845554058821,1.196894271856175,-0.5831202111483139,0.5,-1.272660123306529,,,,False,True,1,2,3,3,1,2,3,2,1,3,4,3,3,2,4,1,3,2,3,2
185,Fortified AI,0.8019898891407365,0.1457353152568927,-0.007415588077561115,-1.3166681214712992,0.044107073040559636,-1.133125634049565,0.7,0.4753552451633851,0.9775936876059409,-0.5852633216675284,-0.7182232057390548,True,True,5,3,2,1,3,4,3,4,5,4,2,4,4,3,1,3,5,3,2,4
186,Fortified AI,0.0061831810799843475,-0.7955057202761272,1.539075651002983,-0.7781911650914547,-0.6514974637135504,-1.1342797411734424,0.8,1.3159401931131336,-1.2592364541841827,-0.7992916902394674,-0.008806692047742856,True,False,2,3,3,2,2,4,2,2,2,3,3,4,2,3,3,1,3,4,3,3
187,Fortified AI,0.6526714681358943,-0.5613261720055672,0.6624570448908994,-0.292300269874379,0.4941240896483138,0.7721484434622219,0.7,-0.46947310475545845,0.2982796710719009,0.19911896038514887,2.2027656874871515,True,True,3,2,5,3,1,2,2,2,3,3,4,2,3,3,3,3,3,3,2,4
188,Fortified AI,-0.9893795871739057,-0.26188377800604956,0.14065771668440685,0.3526451963151529,0.22240993864308192,0.8334100486193416,0.8,1.848608692311865,1.665765812996369,0.909492346583125,-1.3793805672778279,True,True,4,3,3,2,3,4,2,2,4,3,3,4,4,4,3,1,3,2,2,4
189,Fortified AI,2.4081659649975973,-1.3999365573707976,1.4635784486529122,-0.647775380940905,-0.26775498538186765,1.8324435964647727,0.7,-0.15287885192874467,-0.8762706666398137,-1.3527427301113324,-1.2418294943421173,True,True,3,3,1,1,4,4,2,5,3,4,1,5,5,4,2,4,4,3,2,5
190,Fortified AI,1.168223995042181,0.3521839043874952,-0.26625236617333814,0.10585511729456536,-0.41435749181711384,1.1151386613905854,0.6,0.9086774195945978,-1.1184304653255497,-0.36295195396474045,-1.3024270861467997,True,True,4,5,3,2,5,5,1,5,5,5,1,5,5,5,2,5,5,4,2,5
191,Fortified AI,-1.0424248872741109,-0.42794926735379957,-1.1529570606111779,0.05534526818404793,0.6167925764468737,0.7482420893736081,0.6,1.576835932718885,0.1268480079109898,0.551526717118387,-0.2113226947157989,True,True,3,4,2,2,2,5,3,4,4,4,2,5,5,5,2,4,5,4,1,4
192,Fortified AI,0.8711721563604541,-0.021360219522128215,1.0014408296540003,-0.7859085066839613,0.41765606684734236,1.340143154266387,0.9,0.9666166045988668,-0.0751679549233871,0.6874995528801773,0.818770914016645,True,True,5,5,1,1,4,5,1,4,5,5,2,4,5,5,1,3,5,4,3,5
193,Fortified AI,1.0645802126521657,-0.7640806481739806,-1.357061599260663,0.09927837633159618,-1.0248500314120637,1.2168985070549123,0.5,-1.0534079532533995,-0.7668243063370254,0.3672073042953095,-1.9283653408942918,True,True,4,3,3,4,4,5,3,5,4,4,2,3,3,4,2,5,3,3,3,5
194,Fortified AI,-0.32811937877569936,0.013508089226901089,0.7117178427511042,-0.29050735366338526,-0.7876584393037842,0.6682353415975468,0.5,0.5823389018033686,-2.1213499547590278,-0.6548610221708112,-0.9402374529913855,True,True,4,5,3,3,4,3,2,5,3,4,2,3,4,4,2,3,5,4,2,3
195,Fortified AI,0.8008090094290143,0.5071140239586622,-1.314812313862648,0.6822045087341472,-0.6490181062785407,1.5231769102108836,0.8,1.3358039856444646,0.8888880659881775,-1.5367753841410632,2.033841494733577,True,True,4,4,1,2,5,4,2,5,5,3,3,5,4,4,1,4,4,3,2,3
196,Fortified AI,0.9757539760514117,-0.8249390335342003,-0.060130001754815796,-0.9682938347349531,-1.1710199783534225,-0.02913128966623524,0.8,-0.8935757957944479,-2.5274155738507353,-0.5638932229351513,-1.0303287213778674,True,True,5,4,2,1,5,4,2,4,3,5,1,5,4,5,2,3,4,5,1,3
197,Fortified AI,0.9074327859066703,1.3625845242579993,-0.7202189516245383,-0.21383394128416477,-0.7427284096400891,3.019063281851686,0.6,-0.30049271336574673,0.11630828256725612,0.336226720317802,0.37209071890166573,True,True,4,5,3,1,4,3,2,4,3,5,1,4,3,3,2,3,4,4,2,5
198,Fortified AI,0.8675414075180446,0.2948205427387985,0.02179872761624202,-1.7988505942522126,0.9329573262651005,-0.7573946372731363,0.5,-0.7354981271599238,-0.7829178537805379,-0.5819072636791454,0.8138813245730266,True,True,4,2,2,3,2,4,2,3,5,4,1,5,4,4,3,4,4,3,3,2
199,Fortified AI,-1.6290409610240637,-0.5064777715129613,-0.025007576779371515,-0.6061434526357279,-1.257757285722003,0.841803138188383,0.2,-1.867249622947759,-0.16960324087986023,0.19647610712750285,-0.31121879358918875,True,True,1,3,5,3,1,1,4,1,2,2,5,1,1,2,4,2,2,3,5,2
200,Fortified AI,0.9109456100858182,-1.212657147948653,0.1615987887311294,-1.5699344043878296,-0.7487130100737331,-0.45832190133891937,0.7,-2.6662881416643436,0.5501152063996921,0.09493301025466051,-0.2662220019801686,True,True,3,2,2,3,3,2,2,4,4,4,2,4,4,3,2,4,5,3,2,4
201,Fortified AI,-0.6051462558527765,0.9010912880618523,0.8474194704525706,1.0645356694977497,1.7868547265823773,-0.3765949368107182,0.8,-0.405290314978068,,,,False,True,3,3,3,2,2,2,3,3,3,5,3,3,5,4,3,4,4,4,1,4
202,Fortified AI,0.6572708290057283,-1.073971582143778,0.3992824653646498,1.2260761417681958,-1.2842138169946675,0.911682403200565,0.7,1.1726823411856557,-1.1162121713240147,0.5701311254201754,0.7959005448581209,True,True,5,5,1,2,5,3,2,4,5,5,2,4,5,4,1,5,4,4,2,4
203,Fortified AI,0.3820059690707661,0.5540527131407593,-0.9640755497635175,0.008569185400266242,1.0473604491833346,0.4730970353938607,0.9,-1.2423880052988516,,,,False,True,1,3,4,5,2,3,4,3,3,4,5,4,3,2,2,4,1,1,3,2
204,Fortified AI,0.9701879795500357,2.1413625157863376,-1.7132834142998044,1.406481531779647,-1.3810066464720026,1.3289704887721479,0.7,-2.919266292808383,-0.29473345639201504,-1.1498677693137092,0.6940916070058446,True,True,5,3,1,2,3,5,2,4,5,3,3,4,3,5,2,5,5,5,1,3
205,Fortified AI,-0.5209946528228203,0.9201605555470624,-0.11122141100127725,0.1265817256212894,1.732483370255075,0.6512077433329133,0.9,-0.4304056389599683,1.7036018289436816,-0.04463873636710243,0.9715170437586589,True,True,2,2,4,4,2,3,3,1,3,3,4,4,3,2,5,2,2,3,4,2
206,Fortified AI,-1.5555944968994972,-1.1700890801137345,0.39255284620094477,0.5020992806997432,0.47393498110756316,-0.3247152524698931,0.3,1.49213487372009,,,,False,True,2,4,2,4,3,3,2,4,3,3,2,5,5,5,3,3,3,3,4,3
207,Fortified AI,-0.2132778972697994,1.8924488200544352,-0.14957996013391453,-0.8899164905760935,0.04471265494196355,1.5129014291365928,0.7,1.3816472821750359,,,,False,True,3,3,3,3,4,3,2,4,2,4,2,4,3,5,1,3,5,5,2,4
208,Fortified AI,-1.0163361258749692,0.029082037049734433,-1.1146330123309685,1.5657498257944125,0.9382893859277152,1.1062306239194384,0.7,2.4655217599516286,1.1477404883528584,0.14084237034562777,0.8207150721844916,True,True,4,2,5,4,3,3,3,1,3,2,3,3,2,3,4,3,4,3,3,4
209,Fortified AI,0.8596878188722783,-1.01825763200097,0.2969198025373366,-0.86302770999931,-0.016934364946278927,1.1427115556627478,0.0,-0.3888071065992462,-1.2692012995740751,0.2257059782626881,0.08003020483646302,True,True,3,3,3,3,3,5,3,2,4,3,3,3,3,3,4,2,3,4,4,2
210,Fortified AI,0.10896224043757127,-1.2851185137764507,1.7409867443961324,-1.3283973486751692,0.25719392500916055,1.7993253595457368,0.4,-1.223570182049001,-1.706086124111105,-1.0089039537095539,-0.6741794465608634,True,True,4,4,3,4,3,2,3,3,3,1,4,3,2,2,5,3,2,3,4,3
211,Fortified AI,2.5265330083859823,1.2494988103041471,0.13779849034779174,0.4862621727379589,0.261023064016758,1.4748348640195648,0.8,-1.0644729071533439,,,,False,False,5,5,1,1,5,4,2,5,5,3,1,5,5,5,2,4,4,4,1,5
212,Fortified AI,-0.7676479705164002,1.5298685787058275,1.9054263641863838,2.2517853566424124,0.3180109635644531,-0.6896996437621797,0.7,-0.6612189909083752,1.362194579748691,1.0792985041338676,-2.9066544874313767,True,True,4,4,4,2,3,3,3,3,3,2,2,2,3,4,1,3,4,2,2,4
213,Fortified AI,1.0033606370393287,-0.8588447657498185,0.05594531764843676,0.1254089353879769,0.9028989033186259,2.9216659851127194,0.4,-1.3327669376105389,-0.7311389553749668,0.13361098439646504,1.492178599451801,True,True,3,3,4,1,3,2,2,4,2,3,3,3,3,2,4,3,1,4,3,4
214,Fortified AI,-1.6075343317919326,1.711098885200558,-0.5168009186650603,-1.2947607049785141,0.7265495679229907,2.066411158455577,0.8,0.013278028028161568,0.566601603008081,1.109452313740758,0.5245964306275941,True,True,2,2,4,5,3,2,5,2,1,1,4,1,1,2,4,1,1,2,4,1
215,Fortified AI,-0.3347855579755788,-0.739756114931841,0.08705399576033256,0.373024714878993,-0.776285838424886,-0.6147176908786564,0.5,-1.1317174932640326,-2.340832838647587,-0.3287124895237903,-1.6174210835321656,True,True,2,3,2,3,4,3,3,4,4,3,3,4,4,3,2,3,3,3,3,3
216,Fortified AI,-0.6962273798715088,-0.7283581299482758,0.6776894538944507,0.10974200117968709,1.0973179845132581,1.9958559827906526,0.5,-1.6994743983298808,1.3727458036235887,-0.1970618723290445,-0.5732370042503687,True,True,2,2,4,3,4,2,2,4,1,4,4,4,2,3,3,3,4,3,4,3
217,Fortified AI,-0.4475099183556056,0.905171703221626,-1.7322138605324853,0.748145627714863,-0.41479624049303554,0.11675042144074749,0.6,-0.8927556713585996,-0.9139960099917908,0.8119342090726508,0.47960413246985595,True,True,2,2,3,1,2,4,2,3,3,3,3,3,3,3,4,3,4,2,3,2
218,Fortified AI,0.8787750422785763,-0.8217882803827624,-1.4562434423618353,-0.10948133567557279,1.2596269194377707,0.6876178446854685,0.7,-1.6795693427982632,0.19372046370464957,0.5365412252843201,-0.604076643060194,True,False,3,2,2,2,3,4,3,3,4,4,2,2,2,4,2,4,3,4,3,4
219,Fortified AI,0.6272768318464168,0.2360477853546182,1.6608772872682875,-0.039747549637056664,-0.8120678241005203,-0.7070745307852545,0.5,-2.9816286299357104,-0.8347073522670909,-1.0925763072542345,0.42033523286826274,True,True,5,5,2,3,3,4,1,5,4,5,1,5,4,5,3,5,4,3,2,3
220,Fortified AI,-0.49306017306674743,-0.12492641105643304,-0.8757285340772749,-1.4751390707094367,-0.7323104724718531,1.501994221955198,0.6,-1.6170840652414586,1.5302034475077868,0.03812230831748825,-0.9738542223316865,True,True,1,3,4,3,2,2,3,4,2,2,4,1,3,1,4,2,3,3,4,3
221,Fortified AI,-0.3493111413972001,-0.46044537961054294,0.15116900179217777,0.6733050970791831,-0.2643561115088547,0.809017647833401,1.0,0.9159043579122635,-1.5185029110080905,-0.9380235691311444,-0.0637103192973999,True,False,3,1,3,3,1,3,3,2,2,1,2,3,1,2,4,2,4,3,3,1
222,Fortified AI,0.26037974364293914,-0.3265921576416576,0.20073585884777234,-0.7217567914532244,-0.683892942591344,0.8910342167768769,0.4,-0.7935726107402279,-1.9626188370072972,0.7142781945372344,0.013217524685536525,True,True,3,3,3,4,2,3,3,3,2,2,3,3,3,2,2,3,3,3,5,2
223,Fortified AI,1.1022326549558625,1.6969249644100943,-0.5353602670711262,0.1325649542140115,1.6563977547212536,1.8327604810436413,1.0,0.3569105167357487,-0.3361046196370161,0.3934732257345259,0.2830511643455168,True,True,3,5,3,3,2,3,2,2,3,4,2,2,2,2,3,3,4,2,4,2
224,Fortified AI,0.35867884350031476,-0.005342433841432202,-1.0678613046267218,1.022674828022805,-0.4587814201727752,2.164031726037091,0.3,0.002450751618834013,0.4313652650248464,0.028691481938821123,-1.5134414463673096,True,True,3,4,2,3,4,4,1,2,4,4,3,5,3,3,3,4,2,4,4,4
225,Fortified AI,-0.7910467621909276,-0.6428690648288443,1.7756956586386632,-0.20955460286393626,-0.28235684215314477,0.5311189774805374,0.8,0.48937438031392755,-1.8744205131400151,-0.91405765470255,0.33411962881150986,True,True,3,3,3,3,4,3,3,3,3,2,2,4,4,2,2,1,3,4,3,4
226,Fortified AI,-0.6664627101786881,1.1865148256287277,0.1999229814601951,1.7063013132674767,0.31925935244371045,2.3763899625824645,0.7,1.3638578271276052,-1.93998870213295,-0.5723745294380261,0.9904050080364706,True,True,2,1,3,4,3,2,3,3,2,3,4,3,2,2,3,4,3,3,3,3
227,Fortified AI,0.1412831673304928,1.2276865744656826,0.3223075210091947,0.017578352226386672,1.88887439977559,-0.0204630699732683,0.6,0.8202444412730908,0.12541789011746138,2.299543921264117,-0.3449446234053989,True,True,2,3,3,4,4,3,3,3,2,2,4,2,2,2,4,3,3,3,3,2
228,Fortified AI,1.6509350957315334,-0.12806587991890978,-0.9425252699593748,-0.8598347681401832,0.8577250803289548,3.716356331120766,0.6,-0.9608399304238492,-0.7786194526863455,-1.3585067083415858,0.5324888604605679,True,True,4,5,2,1,5,5,2,5,5,4,2,5,5,5,1,4,5,4,1,5
229,Fortified AI,1.0814382812038592,-1.0331120473255844,-0.43041644844243143,0.3296580795296074,-0.8559173880987402,1.204791252423998,0.5,0.3420193093536892,0.18861018119534234,-0.41300686123886704,-0.50781807172587,True,True,2,5,3,2,2,3,3,5,3,3,2,4,4,4,2,4,3,5,2,4
230,Fortified AI,-0.6904258739167464,-0.13259533829460649,2.152329470419044,-1.658446919525887,0.3892642478192361,-0.2497917039110067,0.5,1.253853130078604,1.7749601977043115,-0.4859243319238171,0.9490646001991158,True,True,1,2,3,4,2,1,5,3,2,1,5,3,2,1,3,1,1,2,4,2
231,Fortified AI,0.657819619275817,-1.3926994287058694,0.9354199526127122,0.9043203956817486,-0.5134943842698948,0.3224954206381547,0.4,2.448685079286029,-0.10673901043030576,-0.23553547656371843,0.6933399168468095,True,True,1,2,4,4,3,3,4,1,3,4,3,4,2,2,5,2,2,2,3,3
232,Fortified AI,-0.41547315890773096,-0.6454856670386183,1.933847048434221,0.8046832330605117,-3.309155214660746,3.245182663715764,0.6,-0.3148325552285316,-1.5589818019017039,1.2798524251151728,1.437962832759182,True,True,2,4,4,4,2,3,3,2,3,1,3,3,2,1,4,2,2,1,3,3
233,Fortified AI,0.8420668409403821,-0.5103200342714036,0.1519104873255489,0.7286311033795697,-0.4874029396045256,0.6298852868664169,0.6,0.5235753030510072,-1.393559012087731,-0.8447578919951779,-1.1776786566926616,True,True,3,3,3,2,5,3,3,3,5,3,5,3,3,4,2,3,3,2,1,4
234,Fortified AI,1.3370517975362675,0.2556279821115708,-0.0758896967989956,0.4660721519254557,1.9453466159354138,1.7830064109479888,0.3,-0.8782594080458039,0.5509798461506814,1.0510612007531854,1.5636043766120928,True,True,3,2,4,3,4,2,2,4,4,3,4,3,4,4,2,3,2,3,4,5
235,Fortified AI,-0.3325729261402211,-0.839220270459427,-0.17442577220532024,0.30958851664114867,1.2695098538306702,0.893816504382505,0.6,-1.3309641345139323,1.1482044224354366,0.3025752933092122,1.0291282497879233,True,True,3,4,1,2,3,4,1,3,4,3,4,4,5,5,4,3,4,5,3,3
236,Fortified AI,-0.2513694889232118,-0.2970494796076013,-0.5422285125753877,-2.0104126352887426,0.11630932376874976,0.07096647268310763,0.7,-0.6198193105138481,0.43790706324580103,0.16239310451364283,1.275448347596618,True,True,3,2,2,2,4,4,1,4,3,2,2,3,4,2,2,4,4,3,4,3
237,Fortified AI,1.7459207050529737,1.0322401697572692,-0.35004999145970506,0.824848100692712,-0.19646459052949986,0.2608924988428181,0.5,1.8227794071617627,-1.0560314852314727,-1.1406970373176122,1.1226372189644527,True,True,3,4,2,3,4,3,2,2,4,3,4,3,3,4,4,4,4,3,3,2
238,Fortified AI,-0.8032996524592833,-0.7859703579535986,-1.4208967265955186,0.14634513090442533,-1.697494451409272,1.142898092277819,0.5,-1.0258164108810588,0.2663359722321039,-0.408068460564797,0.725298958300916,True,True,5,4,3,2,5,5,2,3,5,5,2,4,4,4,1,4,3,5,2,4
239,Fortified AI,-1.2031998887941104,2.168396938248037,0.38804094335793127,-0.10502638135756265,-1.0148450529696293,0.28736553895186334,0.9,-1.0450631225042024,-1.3275550802341716,-0.5590904098243255,-1.1358916265703567,True,True,4,4,2,5,4,4,3,4,4,4,3,4,4,4,3,3,4,3,3,4
240,Fortified AI,-2.1611029831138553,-0.8096931397285936,0.5844980599973062,-0.7067615678738992,0.42310214239947214,0.21570841652967127,0.4,0.3144446537066595,0.02307099714146943,0.5995000410069451,0.4107760812331508,True,True,2,3,3,3,2,3,3,2,2,3,4,2,3,1,3,3,2,2,4,2
241,Fortified AI,0.24195102082847347,-0.7489588195237734,-0.39859765377126666,-0.6451865969898916,-0.48549252563593254,0.5787802024638565,0.5,-0.1032686464942686,0.2557718439666974,-1.3296883941981872,0.7396566433275408,True,True,4,3,4,2,3,4,3,3,3,2,2,2,2,4,2,3,3,4,2,5
242,Fortified AI,1.9660511324985623,-1.650245194737978,0.7297270049606345,-1.0037713934268964,1.5666778375272845,2.669012554865291,0.3,3.032376697431123,-0.12435487826853019,0.8621252132106317,0.19036962083410686,True,True,4,4,2,2,4,4,2,4,4,5,1,4,4,3,1,5,4,4,2,5
243,Fortified AI,-1.1685042047358216,1.0512048353545957,0.6656879680609507,1.7667831003581038,-0.019329391073709686,2.0910223027898667,0.6,1.2336571668942597,0.7942086256897503,0.4285015199763838,0.2781442127887708,True,True,3,3,5,3,1,2,4,2,1,1,3,2,2,3,3,2,2,2,5,1
244,Fortified AI,-0.4243524657059245,0.20906232469589328,-0.4911523343284199,-0.23097936305273314,1.2048468387729414,0.3755969073525598,0.7,-1.3557883915095306,-1.1773218648258361,-0.294159370505609,-0.7829821730160353,True,True,4,2,4,2,4,2,3,1,2,3,5,3,2,3,4,2,3,4,5,1
245,Fortified AI,0.024810271806883468,-1.2468636486245925,1.9006332333764575,-1.7019571646731393,2.2539026431052096,0.13547866409710546,0.2,-0.4142430311613269,3.0836644238950015,-0.37254566264032535,0.9148086036495091,True,True,4,4,4,3,2,4,2,3,5,2,2,3,2,4,4,3,3,3,3,4
246,Fortified AI,0.6381184358384071,-1.3637271800040358,-1.680709176868473,-0.29413554877507897,1.393756068224092,1.6872446498700304,0.5,0.4255762056950706,0.08513221001224455,-1.4627979123713,2.898896080790785,True,True,3,1,4,3,2,2,3,2,1,1,4,2,3,3,2,1,3,2,3,2
247,Fortified AI,-0.7517236133142473,-1.8339757689453513,0.7561819624948543,1.6279457194114746,0.4238883541502127,-0.13128411390908334,0.4,-0.39796773729997226,0.6080813795625438,1.699316264287063,0.005430693874050957,True,True,2,4,3,3,3,4,2,5,3,3,3,3,2,4,3,4,2,3,3,2
248,Fortified AI,-0.6884673699809879,-0.6793604718258411,0.5783274088370713,-2.281603389500098,0.8128701752867797,-0.5418169140405157,0.2,0.3439383757164687,0.485992965958688,0.17885378339767607,0.5751107920642644,True,True,2,2,4,4,3,1,5,1,2,3,3,3,3,2,3,2,2,2,5,2
249,Fortified AI,0.8384318089639836,0.3441223581924865,1.4205375845550194,-1.049918914479044,0.5663575383401278,1.7814821937360943,0.6,-1.332008573067913,,,,False,True,3,2,4,3,3,2,4,2,3,4,4,4,3,4,1,4,3,3,3,3
250,Fortified AI,0.29623568351397644,-1.112277562055906,0.13968549994139415,0.21872510502370224,-1.102729496687651,0.31285169061341744,0.3,-0.9553211427483498,1.1807607562627012,0.23074955136085645,0.5707961283481531,True,True,4,4,2,2,5,4,3,5,4,4,1,4,4,5,2,5,3,4,3,4
251,Fortified AI,1.5940035739935987,0.8850203394744895,-0.11709464962404623,0.09104639329331358,0.3909299450680015,0.8202907335931608,0.8,0.07449252276575294,-1.023113368339723,0.711198650312959,-0.9657788630915429,True,True,5,3,1,1,5,5,1,5,4,5,1,5,5,5,1,5,5,5,1,5
252,Fortified AI,-0.9508073060837949,-0.6265826378584912,-0.6496353681252988,0.3926572188038958,0.17162400701474556,0.29115868293089175,0.7,0.5851997762090824,-1.079028900418498,1.035225400719428,0.6093570282175587,True,True,3,3,3,4,4,2,4,3,1,1,4,1,4,2,3,1,3,4,1,1
253,Fortified AI,-1.1995320792445552,0.03630290507298046,-0.9576552780839548,0.35663710721770525,1.3425297185795442,-1.0241116067445288,0.5,-1.931963633743519,-0.6571572300054253,0.021410744560285685,0.319525311426456,True,False,2,2,3,3,2,1,4,2,1,2,5,2,2,1,4,2,3,3,3,5
254,Fortified AI,-2.2744342325507514,-0.5493173609175899,0.038572207610862726,-0.06764691099109797,0.1509535006051514,0.9548348043305295,0.8,1.0885538204140601,-1.2388733660672897,-0.3651514704596025,-1.2156396209645821,True,True,3,3,3,3,3,3,3,3,3,2,4,2,2,3,5,3,4,2,2,3
255,Fortified AI,-0.7588839197974713,-1.7441388700929608,-0.1424176440761231,-0.18992060927945506,-1.352152527112982,0.4455078874389305,0.6,-0.08892427781324366,,,,False,True,3,4,3,4,3,3,3,3,3,2,2,4,3,3,2,3,2,3,4,3
256,Fortified AI,-0.2867171231251886,1.6647234367242731,-1.1218159144316022,-1.9503082000633054,-0.731141729416145,0.07308075450873164,0.5,0.32935007632196145,-1.303202294663261,2.4817531443421474,-0.6520799734543453,True,True,4,5,1,2,5,5,2,5,4,5,2,5,4,4,1,4,3,3,1,5
257,Fortified AI,-0.12085489786405607,-0.22386356338559904,1.2262163776159056,-0.5317715013500989,2.171176060348874,0.655793787262932,0.6,2.274043647895554,-1.7764793568558725,0.07742782668363869,2.0121134098177627,True,True,3,4,3,4,5,5,3,5,3,2,2,3,4,3,2,4,5,3,2,3
258,Fortified AI,1.872106334681709,0.8644077959558105,0.9512832310411038,1.115762698333694,1.099532985217155,0.965189462258425,0.3,0.05819226267118158,1.2364708983435455,0.3874199469066378,1.0434905091798359,True,True,4,5,2,2,5,5,1,4,4,4,1,5,5,5,2,5,4,4,1,4
259,Fortified AI,-0.07622373770849883,-1.174620075702086,0.6569549627210879,-0.44683127917009546,0.812447557221412,0.3199940362669543,0.6,1.2531069280051823,-0.08655002064575082,-1.1286346426541607,0.058225170898165646,True,True,4,4,2,2,4,3,1,4,3,4,1,5,4,5,2,4,4,4,1,3
260,Fortified AI,-1.384296078153534,0.5792277148534847,-1.0297000672400372,1.4354289821338753,0.04589559512967958,0.6698389633502884,0.7,-3.4469901925761315,0.5776101867297105,-0.6620504614538476,1.0295936862016688,True,True,2,1,5,4,1,1,5,1,2,1,5,2,1,3,5,2,1,2,4,2
261,Fortified AI,-0.7733300844343984,0.5489907189260954,-1.64667197127281,3.1135972724928935,1.4813626139132012,0.6519166584322323,0.6,0.19499877653021294,-0.03254893065173056,-1.2287531007237258,2.666415522290834,True,True,2,2,2,4,2,3,1,2,3,3,3,2,2,4,2,2,3,2,2,3
262,Fortified AI,1.376143170742362,0.9880896580086701,-1.2095752756008593,0.4848575051592617,-0.864325478890333,1.3326396734079284,0.3,-0.09432842625641996,0.22960883469593907,-0.0029677170325803845,-0.04335710381331721,True,True,3,3,4,2,3,4,3,3,5,3,3,4,3,3,1,4,3,2,4,3
263,Fortified AI,0.7062824460585903,0.4537629873516022,1.1805760382380484,1.7661142199819615,-0.758723234527975,1.8290597856824267,0.5,-0.42259771798669366,-0.19035417875871785,1.4666761173520115,-0.24675659776817332,True,True,2,3,4,3,3,3,2,4,2,1,5,3,4,2,4,2,3,3,3,2
264,Fortified AI,-0.8876327047945902,-1.6868067448130664,0.33846973519610524,0.13775038257063002,-0.023311075271552323,0.9758654368452395,0.4,-0.6720661191807914,0.9272982377421168,0.7232090117754902,-0.8823698335885578,True,True,1,1,5,4,1,2,5,1,1,1,4,2,1,1,4,2,1,1,5,1
265,Fortified AI,-1.7767335599668321,0.4450038904861981,1.4750453433407618,0.01680252923333547,0.7101978426100269,0.6983528589457206,0.9,0.20911405412850406,-0.11354204604497065,0.9651436521745782,0.7412899649769489,True,True,1,2,5,4,3,3,4,1,2,1,4,1,2,1,3,1,1,3,5,1
266,Fortified AI,-1.2121068879685903,2.6470951014995454,-0.3887866585083726,-0.13765048905457697,-0.8290985031885453,2.3421676389996766,0.6,-0.5014508927865886,-0.937968021546842,-1.5593028359136056,1.7062821279582359,True,True,1,2,3,4,2,2,5,2,2,2,5,1,1,2,3,3,2,1,3,3
267,Fortified AI,-0.9876993510348087,-0.7083294470902876,-0.3387995716656827,-0.3837467872527276,-0.18010599759156376,0.5283390886444679,0.7,-1.483029402593919,,,,False,True,1,1,4,5,1,1,5,2,3,3,4,3,1,1,5,1,1,1,5,3
268,Fortified AI,-0.27736980254267823,-0.6839774399266709,0.15512604213333556,0.7106950818155323,-2.603767677252676,-1.1361989663566958,0.5,-0.6456199224423711,-0.6644908130569088,0.9743727828489616,-1.9109133071399822,True,True,3,2,2,4,3,2,3,2,2,3,3,3,3,2,4,3,3,2,3,3
269,Fortified AI,1.5511105182229576,-0.7173743396409451,-1.2093005266388264,-1.3908255347705976,0.7323554847485535,2.364822769981284,0.7,0.9412339188629241,0.689117330236251,1.0980272701903777,1.0206561089522928,True,True,4,3,1,1,5,5,1,4,5,5,2,5,4,3,1,5,3,5,1,5
